{"cameraMode":{"drawMode":0,"name":"Shaded","section":"Shading Mode"},"sceneLighting":true,"audioPlay":false,"sceneViewState":{"m_AlwaysRefresh":false,"showFog":true,"showSkybox":true,"showFlares":true,"showImageEffects":true,"showParticleSystems":true,"showVisualEffectGraphs":true,"m_FxEnabled":true},"in2DMode":false,"pivot":{"x":578.2142333984375,"y":155.61016845703126,"z":-17.006078720092775},"rotation":{"x":-0.006309107877314091,"y":-0.014401886612176896,"z":0.00009144249634118751,"w":-0.9998787045478821},"size":130.0862274169922,"orthographic":false}